files/migrations/20260804_S9_016_账号联系电话唯一约束.sql	     811
files/patches/源代码变更说明.md	    1222
images/lianruan-crm-v3-api-3.0.0-stage9.27.20260804-kb005.docker-image	 129287168
images/lianruan-crm-v3-nginx-3.0.0-stage9.27.20260804-kb005.docker-image	 22333440
images/lianruan-crm-v3-worker-3.0.0-stage9.27.20260804-kb005.docker-image	 129287168
KB说明.md	    2262
manifest/KB元数据.env	     423
README.md	    1704
scripts/precheck.sh	    3730
scripts/rollback.sh	    1258
scripts/upgrade.sh	    8579
scripts/verify.sh	    2484
tests/smoke.sh	    1313
tests/验证清单.md	    1178
