files/patches/源代码变更说明.md	     739
images/lianruan-crm-v3-api-3.0.0-stage9.26.20260803-kb004.docker-image	 129285120
images/lianruan-crm-v3-nginx-3.0.0-stage9.26.20260803-kb004.docker-image	 22333440
images/lianruan-crm-v3-worker-3.0.0-stage9.26.20260803-kb004.docker-image	 129285120
KB说明.md	    1417
manifest/KB元数据.env	     395
manifest/文件清单.tsv	     353
README.md	    1130
scripts/precheck.sh	    2899
scripts/rollback.sh	    1228
scripts/upgrade.sh	    8191
scripts/verify.sh	    2052
tests/smoke.sh	    1150
tests/验证清单.md	     842
